{"schemaVersion":1,"source":{"uri":"models/projectiles/shuriken.gltf","sha256":"a4fec5b49203ee06aa85ca0c4ea6fb98349a7f62af1a70dd2ce6ff9615d3c20f"},"animationNames":["spin","floating"],"boundingBox":{"min":{"x":-1.5,"y":1.4267141254609337,"z":-1.4991671938841256},"max":{"x":1.5,"y":1.698285874539066,"z":1.4991671938841256}},"nodeNames":["pyramid","pyramid","pyramid","pyramid","bone",""],"trimesh":{"vertices":[0.125,-0.375,-0.25,0.125,-0.375,0.25,-0.125,-0.375,0.25,-0.125,-0.375,-0.25,0.125,-0.375,0.25,0.125,-0.375,-0.25,0,0.875,0,-0.125,-0.375,0.25,0.125,-0.375,0.25,0,0.875,0,0.125,-0.375,-0.25,-0.125,-0.375,-0.25,0,0.875,0,-0.125,-0.375,-0.25,-0.125,-0.375,0.25,0,0.875,0,-0.125,-0.875,-0.25,-0.125,-0.875,0.25,0.125,-0.875,0.25,0.125,-0.875,-0.25,-0.125,-0.875,0.25,-0.125,-0.875,-0.25,8.328270929981025e-16,-2.125,-4.81803011028148e-18,0.125,-0.875,0.25,-0.125,-0.875,0.25,8.328270929981025e-16,-2.125,-4.81803011028148e-18,-0.125,-0.875,-0.25,0.125,-0.875,-0.25,8.328270929981025e-16,-2.125,-4.81803011028148e-18,0.125,-0.875,-0.25,0.125,-0.875,0.25,8.328270929981025e-16,-2.125,-4.81803011028148e-18,-0.1272859126329422,-0.375,-0.2504956126213074,-0.1272859126329422,-0.875,-0.2504956126213074,0.1227140873670578,-0.875,-0.2504956126213074,0.1227140873670578,-0.375,-0.2504956126213074,-0.1272859126329422,-0.875,-0.2504956126213074,-0.1272859126329422,-0.375,-0.2504956126213074,-0.0022859114687889814,-0.625,-1.5004956722259521,0.1227140873670578,-0.875,-0.2504956126213074,-0.1272859126329422,-0.875,-0.2504956126213074,-0.0022859114687889814,-0.625,-1.5004956722259521,-0.1272859126329422,-0.375,-0.2504956126213074,0.1227140873670578,-0.375,-0.2504956126213074,-0.0022859114687889814,-0.625,-1.5004956722259521,0.1227140873670578,-0.375,-0.2504956126213074,0.1227140873670578,-0.875,-0.2504956126213074,-0.0022859114687889814,-0.625,-1.5004956722259521,0.1272859126329422,-0.375,0.2504956126213074,0.1272859126329422,-0.875,0.2504956126213074,-0.1227140873670578,-0.875,0.2504956126213074,-0.1227140873670578,-0.375,0.2504956126213074,0.1272859126329422,-0.875,0.2504956126213074,0.1272859126329422,-0.375,0.2504956126213074,0.0022859114687889814,-0.625,1.5004956722259521,-0.1227140873670578,-0.875,0.2504956126213074,0.1272859126329422,-0.875,0.2504956126213074,0.0022859114687889814,-0.625,1.5004956722259521,0.1272859126329422,-0.375,0.2504956126213074,-0.1227140873670578,-0.375,0.2504956126213074,0.0022859114687889814,-0.625,1.5004956722259521,-0.1227140873670578,-0.375,0.2504956126213074,-0.1227140873670578,-0.875,0.2504956126213074,0.0022859114687889814,-0.625,1.5004956722259521],"indices":[0,1,2,0,2,3,4,5,6,7,8,9,10,11,12,13,14,15,16,17,18,16,18,19,20,21,22,23,24,25,26,27,28,29,30,31,32,33,34,32,34,35,36,37,38,39,40,41,42,43,44,45,46,47,48,49,50,48,50,51,52,53,54,55,56,57,58,59,60,61,62,63]}}